w,h,d
420,400,375
365,160,25
325,240,75
189,171,25
255,255,60
200,190,55
200,190,55
200,190,55
200,190,55
190,175,25
195,190,25
145,100,100
420,410,375
370,275,255
420,400,375
200,190,55
145,100,100
200,190,55
195,190,25
145,100,100
420,400,375
147,100,100
255,255,60
255,255,60
200,190,55
200,190,55
430,310,300
255,255,60
370,275,255
147,100,100
200,190,55
360,175,65
200,190,55
200,190,55
200,190,55
420,400,375
200,190,55
200,190,55
420,400,375
200,190,55
200,190,55
360,360,260
147,100,100
200,190,55
200,190,55
200,190,55
200,190,55
195,190,25
255,255,60
200,190,55
145,100,100
200,190,55
255,255,60
200,190,55
255,255,60
200,190,55
200,190,55
200,190,55
147,100,100
200,190,55
200,190,55
200,190,55
325,240,75
255,255,60
200,190,55
200,190,55
200,190,55
145,100,100
365,355,255
430,310,140
255,255,60
200,190,55
255,255,60
200,190,55
200,190,55
430,310,300
200,190,55
200,190,55
200,190,55
200,190,55
200,190,55
200,190,55
200,190,55
200,190,55
200,190,55
255,255,60
255,255,60
200,190,55
200,190,55
145,100,100
425,355,330
255,255,60
145,100,100
420,400,375
360,355,285
255,255,60
145,100,100
300,300,210
425,355,255
110,110,100
110,110,100
110,110,100
110,110,100
110,110,100
305,300,285
420,400,375
110,110,100
110,110,100
370,360,300
110,110,100
110,110,100
110,110,100
420,405,370
200,190,55
110,110,100
200,190,55
370,275,255
255,255,60
370,275,255
255,255,60
255,255,60
200,190,55
200,190,55
480,405,250
200,190,55
110,110,100
370,275,255
565,270,140
650,320,220
460,260,240
460,265,245
435,200,175
375,165,160
400,210,200
375,165,165
265,135,125
620,290,220
275,155,125
260,185,90
705,310,310
575,305,305
465,230,190
465,230,190
465,230,190
600,340,330
685,340,330
600,330,320
760,325,295
470,235,190
465,230,190
755,360,270
755,355,265
540,190,180
470,235,190
720,330,300
560,320,240
650,320,220
545,420,245
500,340,210
545,360,215
540,360,205
540,420,240
545,415,240
500,350,210
540,190,180
535,420,240
540,190,190
540,190,190
390,310,220
350,350,200
510,300,205
390,310,220
390,305,210
455,355,215
470,230,230
470,235,190
365,305,185
475,235,190
410,330,180
365,305,185
530,300,210
460,265,245
470,270,200
220,215,155
395,205,195
470,150,110
345,270,140
400,210,210
400,210,200
275,155,125
270,170,130
325,205,70
465,60,60
230,230,155
470,150,100
385,223,100
265,135,125
260,155,110
270,170,140
270,170,130
270,170,130
350,245,230
200,150,120
210,150,90
140,120,100
230,145,85
260,95,90
200,200,100
300,250,90
660,380,280
660,375,275
630,460,320
755,315,310
755,310,300
655,315,315
720,330,300
580,280,210
720,320,300
645,310,240
695,310,280
610,350,290
695,310,280
575,285,220
680,330,310
725,335,315
720,330,300
645,310,240
620,290,220
580,315,240
550,280,210
230,230,40
680,330,310
810,480,330
810,415,340
815,405,360
800,355,350
780,350,300
770,295,280
760,315,305
780,415,230
800,410,280
880,405,290
795,270,240
795,270,245
700,310,310
600,330,320
700,310,310
470,235,190
465,230,190
650,320,220
660,330,240
650,320,220
500,345,210
540,190,180
540,190,180
525,340,230
390,310,220
510,295,210
540,190,190
390,310,220
350,300,230
360,350,190
390,305,220
455,355,215
460,260,240
410,330,180
460,265,245
375,170,160
265,135,125
370,170,160
270,170,140
200,150,120
140,130,125
255,110,90
700,320,310
700,320,310
780,305,275
795,355,350
800,410,280
790,310,290
815,420,290
540,362,208
540,360,208
435,200,175
400,245,150
260,170,65
260,175,135
640,360,360
580,315,240
600,340,330
730,345,280
600,330,320
470,235,190
465,230,190
565,270,140
565,270,140
660,330,240
500,340,210
430,250,220
480,390,240
540,190,180
540,190,180
540,190,180
470,235,190
540,190,180
535,420,240
540,420,245
485,385,245
540,190,190
350,350,200
510,300,205
435,250,215
340,295,220
350,350,200
385,280,210
460,260,240
400,310,230
510,250,200
380,360,220
510,250,200
460,265,245
340,295,220
340,125,105
325,205,70
400,310,230
355,260,205
375,170,160
360,295,145
325,205,70
385,223,100
370,170,160
265,250,110
270,170,140
260,150,115
750,345,290
690,350,330
700,310,300
635,270,240
705,290,270
580,315,240
580,310,240
230,230,40
230,230,40
230,230,40
790,310,290
810,480,330
960,310,310
800,280,200
860,370,300
785,380,295
815,420,290
880,405,290
880,405,290
880,405,290
350,350,200
140,120,100
600,340,330
650,320,220
540,190,180
540,190,180
540,420,245
540,420,245
455,335,210
540,190,190
350,350,200
400,310,230
530,300,210
435,345,250
275,175,140
270,170,130
325,205,70
385,223,100
270,170,140
270,170,140
770,300,275
730,350,290
580,315,240
230,230,40
230,230,40
230,230,40
960,295,270
880,405,290
815,420,290
815,420,290
330,205,130
685,340,330
685,340,330
600,330,320
465,230,190
650,320,220
660,330,240
650,320,220
540,190,180
530,330,250
520,350,235
540,190,190
325,205,70
450,340,205
510,295,210
460,260,240
390,310,220
435,300,180
460,265,245
360,295,145
330,140,110
150,125,125
720,335,310
700,310,300
580,315,240
230,230,40
230,230,40
230,230,40
780,305,275
790,310,290
790,310,290
815,420,290
650,320,220
650,320,220
520,340,230
580,190,140
200,150,120
575,310,305
600,340,330
685,340,330
600,330,320
650,320,220
540,190,180
540,190,190
385,280,210
365,305,185
375,360,220
395,205,195
265,135,125
325,205,70
265,135,125
320,185,115
250,150,100
600,330,320
840,320,290
815,420,290
600,340,330
685,340,330
730,350,290
465,230,190
755,360,270
540,190,190
350,350,200
450,245,190
435,300,180
435,345,250
440,210,180
375,170,160
370,170,160
265,140,115
315,185,175
260,150,110
200,150,120
330,140,110
740,400,370
780,305,275
870,360,315
780,305,275
510,300,205
460,265,245
470,235,190
465,230,190
555,285,200
720,330,300
660,330,240
520,400,270
545,415,240
540,190,180
545,415,240
540,190,180
535,420,240
535,420,240
485,385,245
315,185,175
390,310,220
540,190,190
540,190,190
390,305,220
510,250,195
460,280,200
460,280,200
530,300,210
355,260,205
470,150,110
435,200,175
440,215,180
240,170,75
385,223,100
270,140,110
270,170,140
270,170,140
260,150,110
330,110,60
530,320,270
240,160,100
215,190,90
255,110,90
705,290,270
725,335,315
780,305,275
810,480,330
800,355,350
840,320,290
860,500,370
860,380,305
810,400,290
785,380,295
815,420,290
790,400,320
785,380,295
820,510,380
540,190,180
390,310,220
450,335,210
385,280,210
270,170,140
955,320,300
257,236,40
257,236,40
230,230,40
760,300,270
465,230,190
465,230,190
465,230,190
465,230,190
755,360,270
570,210,160
580,280,210
580,290,210
660,330,240
540,190,180
540,420,235
500,340,210
540,190,180
540,420,245
500,360,320
520,340,230
390,310,220
455,335,210
540,190,190
340,300,210
540,190,190
390,310,220
530,300,210
350,300,230
510,250,200
410,330,180
435,345,250
380,360,220
355,260,205
405,240,180
335,210,125
325,205,70
400,240,185
440,210,175
325,205,70
370,170,160
265,150,110
270,170,140
190,130,100
270,110,90
200,150,120
140,130,125
140,120,100
260,95,90
200,200,100
210,200,100
770,300,275
645,310,240
705,310,310
645,310,240
230,230,40
780,305,275
800,480,330
790,310,290
560,240,165
520,345,230
485,385,245
540,190,190
390,305,220
510,340,170
470,255,165
270,170,140
250,215,150
780,235,205
785,380,295
785,380,295
800,270,240
9,9,9
230,230,40
230,230,40
230,230,40
685,340,330
700,310,310
600,330,320
700,310,310
685,340,330
600,330,320
470,235,190
465,230,190
735,275,170
550,280,220
665,190,175
625,310,220
765,325,295
570,310,170
560,330,240
650,320,220
650,325,225
650,320,220
430,250,220
475,305,265
540,190,180
540,420,235
540,190,180
540,190,180
540,420,245
540,420,245
540,420,245
520,345,230
485,385,245
450,340,215
510,295,210
540,190,190
540,190,190
350,350,200
430,250,220
530,300,210
440,205,180
335,210,125
580,230,205
425,260,190
395,310,230
530,300,210
345,170,115
435,200,175
380,180,160
360,295,145
340,200,120
340,200,120
385,223,100
260,155,110
265,250,110
500,290,240
410,85,80
265,125,65
230,150,100
630,460,325
630,460,325
690,340,340
710,370,330
730,390,360
720,320,300
580,315,240
555,285,200
710,370,330
780,305,275
840,320,290
770,295,280
380,370,240
600,340,330
685,340,330
600,330,320
545,415,240
540,190,180
540,190,180
540,420,245
540,420,245
600,340,330
545,415,240
480,380,240
540,190,190
460,280,200
510,300,205
460,265,245
358,247,144
270,170,140
240,170,75
360,248,142
270,170,140
620,290,220
800,410,280
810,480,330
840,320,290
840,320,290
800,395,315
810,480,330
960,295,270
785,380,295
815,420,290
790,270,240
790,270,240
470,235,190
555,285,200
540,190,180
460,260,240
460,265,245
435,220,190
340,200,120
265,135,125
385,223,100
330,205,130
325,240,260
710,370,330
600,330,320
700,310,310
660,330,240
540,190,190
510,300,205
410,330,180
390,285,195
265,135,125
140,120,100
720,320,310
720,330,300
230,230,40
230,230,40
250,150,100
705,290,265
810,330,295
815,420,290
540,190,180
540,190,180
450,340,205
390,310,220
340,300,210
540,190,190
510,300,205
430,250,220
375,165,160
265,135,125
140,120,100
750,345,290
750,345,290
685,330,305
680,330,310
230,230,40
230,230,40
230,230,40
815,420,290
390,310,220
760,315,310
760,315,305
230,230,40
760,300,270
470,235,190
460,265,245
425,170,165
370,170,160
385,223,100
725,335,315
230,230,40
230,230,40
760,315,310
760,315,305
230,230,40
600,340,330
700,310,310
650,320,220
500,340,210
540,190,180
540,190,180
520,345,230
350,350,200
460,260,240
235,160,155
200,150,120
735,345,280
725,335,315
230,230,40
790,310,290
800,355,350
810,480,330
840,320,290
960,295,270
815,420,290
350,300,230
370,170,160
780,305,275
815,420,345
815,420,345
600,340,330
700,310,310
470,235,190
650,270,180
540,190,180
480,390,250
470,230,230
355,260,205
470,150,110
270,170,140
240,160,100
140,120,100
230,230,40
230,230,40
780,305,275
810,480,330
815,420,290
880,405,290
455,355,215
580,290,220
230,230,40
470,235,190
540,190,180
265,135,125
385,223,100
370,170,160
230,230,40
230,230,40
230,230,40
230,230,40
810,480,330
780,350,300
815,420,290
815,420,290
430,250,220
230,230,40
705,310,310
600,340,330
700,310,310
730,350,290
730,345,280
550,280,200
600,340,330
600,330,320
470,235,190
630,340,250
720,330,300
640,270,170
580,280,210
640,270,170
580,290,210
650,320,220
660,330,240
500,350,210
600,330,320
470,235,190
520,400,270
545,415,240
500,410,270
540,190,180
540,190,180
545,415,240
520,340,230
480,380,240
510,340,160
510,295,210
510,250,195
340,300,210
480,380,240
540,190,190
540,190,190
540,360,195
350,300,230
460,260,240
510,245,200
360,310,190
430,350,150
430,350,150
405,240,180
395,205,195
400,240,185
345,170,115
395,205,195
265,135,115
385,225,100
380,220,150
380,220,150
265,135,125
385,223,100
265,135,125
200,170,140
270,170,140
190,130,100
160,150,150
500,290,240
250,180,90
240,160,100
220,170,115
250,150,100
230,150,100
210,200,100
760,310,305
740,400,370
735,345,320
755,310,300
710,370,330
660,320,310
580,290,220
580,280,210
660,320,310
230,230,40
230,230,40
645,310,240
700,310,310
705,310,310
645,310,240
580,315,240
650,325,230
230,230,40
230,230,40
780,305,275
795,355,350
815,400,360
800,355,355
770,350,300
840,320,290
790,310,290
815,405,360
840,320,290
795,270,240
840,320,290
1030,350,310
960,305,295
860,500,370
770,295,280
815,420,290
815,420,290
820,420,345
600,330,320
470,235,190
410,395,190
540,190,180
395,205,195
580,185,145
580,190,140
250,150,100
250,150,100
710,370,330
600,400,305
600,400,305
580,340,290
575,310,305
960,295,270
785,380,295
600,340,330
730,355,275
585,255,215
480,390,240
540,190,180
520,340,230
540,190,190
540,190,190
410,330,180
325,205,70
325,205,70
260,170,65
265,140,115
265,150,110
240,150,115
200,150,120
230,150,100
210,200,100
730,350,290
230,230,40
685,340,330
680,290,170
565,270,140
600,365,285
540,190,180
485,385,245
530,300,210
395,310,230
355,260,205
230,150,100
815,400,360
815,405,360
880,405,290
795,270,245
470,235,190
540,190,180
540,190,180
460,265,245
340,295,220
355,260,205
395,205,195
435,200,175
340,200,120
265,135,125
370,170,160
265,150,110
330,110,60
630,460,325
630,470,320
750,345,290
750,345,290
230,230,40
820,420,335
785,380,295
785,380,295
790,320,280
500,405,270
685,340,330
600,340,330
700,310,310
685,340,330
730,350,290
685,340,330
540,190,190
540,190,180
685,340,330
470,235,190
600,220,170
520,250,250
520,250,210
540,190,180
495,340,210
430,370,355
520,340,230
510,250,195
525,295,205
450,340,200
540,190,190
540,190,190
350,300,230
455,355,215
525,295,205
310,305,165
460,260,240
530,300,210
510,310,160
350,300,230
460,265,245
430,350,150
395,205,195
435,200,175
375,170,160
345,260,155
235,160,155
270,170,140
270,170,130
260,170,65
265,135,125
370,170,160
360,248,142
270,135,115
200,150,120
220,190,90
735,345,280
685,340,330
660,360,300
575,305,300
580,290,220
760,315,305
230,230,40
230,230,40
810,480,330
820,420,335
795,270,245
960,295,270
960,295,270
785,380,295
880,405,290
805,350,310
705,310,310
480,390,240
540,190,180
485,385,245
550,280,200
390,310,220
390,305,210
470,230,230
350,300,230
470,235,190
460,260,240
530,300,210
505,300,190
435,300,180
460,265,245
430,350,150
355,260,205
375,170,160
235,160,155
275,175,140
270,170,130
325,205,70
220,160,120
290,150,100
295,155,100
210,205,100
705,310,310
840,320,290
810,480,330
785,325,280
780,415,230
230,230,40
230,230,40
760,300,270
730,350,290
600,330,320
700,310,310
580,290,210
580,290,210
540,190,180
540,190,190
270,170,140
200,150,120
230,230,40
230,230,40
780,305,275
880,405,290
230,230,40
650,325,225
540,190,180
540,190,180
540,190,190
540,190,190
350,300,230
450,250,195
390,305,220
530,300,210
360,310,185
410,330,180
365,305,185
410,330,180
435,220,190
360,295,145
360,248,142
330,205,130
330,110,60
200,150,120
190,175,55
220,190,90
200,150,120
230,210,110
770,300,275
710,370,330
555,285,200
230,230,40
230,230,40
230,230,40
230,230,40
800,355,350
860,380,305
810,330,295
815,420,290
785,380,295
815,420,290
540,190,180
540,190,190
510,300,205
365,305,185
270,170,130
735,345,315
435,295,180
230,230,40
600,340,330
470,235,190
465,230,190
660,330,240
660,330,240
540,190,180
500,350,210
430,290,270
390,310,220
455,340,210
510,295,210
510,295,210
510,295,210
540,190,190
540,190,190
540,190,190
360,350,190
455,355,215
470,230,230
340,125,105
460,260,240
450,245,190
470,235,190
450,245,190
460,265,245
460,265,245
460,230,220
405,240,180
425,210,175
335,205,125
435,200,175
435,220,190
395,205,195
385,230,100
375,170,160
180,160,140
360,295,145
235,160,155
235,160,155
265,135,125
370,170,160
355,140,155
270,170,140
200,150,120
725,335,315
720,320,300
725,335,315
760,315,305
200,150,120
720,330,300
230,230,40
230,230,40
230,230,40
230,230,40
600,340,330
685,340,330
730,350,290
600,330,320
465,230,190
600,220,180
765,325,295
650,270,180
665,290,175
650,320,220
545,420,240
550,250,220
520,250,250
500,410,270
540,190,180
540,420,240
520,250,210
540,420,245
500,340,210
540,415,280
510,340,210
540,420,245
510,295,210
540,420,245
545,415,240
530,350,230
520,345,230
540,190,190
340,300,210
540,190,190
350,300,230
350,350,200
510,250,195
470,230,230
510,250,195
530,300,210
405,283,195
350,300,230
435,295,180
630,71,68
545,415,240
460,265,245
355,150,130
395,205,195
335,205,125
640,70,70
270,140,120
385,223,100
370,170,160
385,223,100
210,155,120
330,205,130
200,150,120
475,75,35
140,125,125
230,150,100
770,300,275
730,350,290
740,360,290
680,380,300
735,345,280
675,375,300
730,390,360
720,320,310
695,310,280
695,310,280
800,355,355
790,310,290
795,355,355
800,355,350
810,410,280
790,310,290
810,480,330
860,500,370
815,420,290
810,480,330
820,400,310
815,420,290
880,405,290
795,270,240
800,270,240
795,270,240
600,340,330
565,235,165
560,240,165
650,320,220
650,320,220
540,420,280
790,325,280
790,320,280
685,340,330
705,310,310
760,300,270
685,340,330
465,230,190
540,420,245
455,355,215
355,260,205
360,295,145
200,150,120
230,170,100
770,300,275
740,400,370
705,310,310
840,320,290
730,350,290
620,235,200
500,410,260
540,420,245
540,190,190
470,150,110
230,230,40
650,325,225
350,350,200
510,300,205
645,310,240
600,330,320
465,230,190
650,320,220
395,310,230
275,155,130
200,150,120
540,190,180
730,350,290
600,330,320
650,320,220
520,345,230
540,190,190
540,190,190
360,350,190
455,355,215
385,223,100
230,150,100
815,400,360
815,405,360
840,320,290
230,230,40
525,295,205
390,300,225
445,210,205
440,240,210
440,240,210
320,170,120
320,170,120
320,170,120
320,170,120
320,170,120
320,170,120
320,170,120
320,170,120
320,170,120
850,390,370
840,400,240
850,390,370
230,230,40
600,340,330
600,330,320
70,70,70
730,350,290
580,290,220
730,350,290
590,290,230
660,330,240
675,375,300
565,345,330
565,345,330
630,260,240
725,335,315
740,320,300
410,389,185
360,140,150
390,165,150
300,140,60
615,350,290
409,388,186
455,340,205
440,240,150
360,150,145
345,270,140
360,150,140
275,235,120
810,400,290
820,410,340
510,245,205
230,230,40
230,230,40
230,230,40
230,230,40
230,230,40
230,230,40
230,230,40
230,230,40
230,230,40
230,230,40
230,230,40
230,230,40
230,230,40
230,230,40
230,230,40
230,230,40
230,230,40
230,230,40
700,310,310
565,355,325
465,230,190
465,230,190
465,230,190
600,365,285
650,320,220
500,345,210
545,415,240
540,190,180
540,190,180
540,190,180
540,190,180
545,415,240
390,340,280
540,190,180
540,190,180
520,350,235
520,345,230
390,310,220
510,340,160
455,335,210
530,300,210
360,265,200
340,200,180
375,170,160
325,205,70
540,190,190
540,190,190
725,375,355
680,405,335
610,350,290
610,350,290
725,335,315
610,350,290
610,350,290
815,420,290
790,320,280
795,270,245
815,420,290
640,270,170
480,390,250
485,385,245
840,320,290
870,360,310
870,360,315
730,350,290
580,315,190
585,315,190
650,320,220
585,285,225
580,285,220
580,290,220
540,190,180
540,190,180
425,260,190
390,340,280
500,340,210
540,190,180
540,190,180
430,290,270
480,380,240
455,335,210
540,190,190
540,190,190
510,250,205
460,265,245
435,200,175
550,290,170
350,265,160
370,170,160
385,223,100
735,345,320
610,350,290
700,310,305
700,310,305
685,340,330
610,350,290
795,355,350
800,355,355
820,400,360
800,355,355
790,320,290
860,500,370
810,400,290
960,295,270
790,320,290
845,315,290
840,315,290
790,320,290
840,315,290
800,400,280
820,420,340
795,265,240
800,400,280
795,265,240
540,362,208
540,190,190
400,365,215
815,420,290
785,380,295
600,340,330
730,350,290
600,330,320
465,230,190
555,285,200
500,410,270
540,190,180
630,380,240
560,330,240
650,325,225
580,285,220
520,400,270
540,190,180
510,340,210
535,420,240
515,350,235
485,385,245
450,340,205
390,310,220
455,335,210
385,345,210
390,310,220
540,190,190
540,190,190
430,250,220
390,310,220
510,300,205
500,305,170
540,360,195
460,260,240
530,300,210
365,305,185
450,340,215
440,290,180
460,285,225
430,350,150
490,250,230
430,250,220
500,280,202
460,265,245
340,125,105
395,205,195
395,205,195
335,210,125
375,170,160
340,240,145
272,173,138
265,135,125
370,170,160
265,135,125
385,223,100
265,135,115
320,185,115
315,185,175
270,135,115
210,155,120
215,160,120
270,170,140
370,285,275
200,150,120
200,150,120
230,200,90
770,300,275
740,400,370
630,460,325
735,350,295
710,370,330
680,330,300
645,310,240
580,315,240
555,285,200
620,315,220
840,320,290
815,405,360
870,360,310
770,295,280
810,400,290
760,325,295
880,405,290
790,320,280
880,405,290
840,485,320
470,230,230
235,160,155
630,460,325
650,320,280
730,350,290
600,330,320
465,230,190
465,230,190
600,365,285
570,210,160
580,280,210
540,420,245
540,190,180
455,275,200
540,190,190
540,190,190
350,350,200
460,280,200
365,305,185
525,295,205
530,300,210
370,360,225
420,260,190
380,360,220
390,285,195
340,295,220
410,288,165
355,260,200
356,299,182
395,205,195
345,170,115
440,210,175
270,170,140
350,110,70
265,150,110
370,285,275
730,350,290
730,350,290
720,335,310
705,290,270
670,350,310
680,330,320
760,315,305
960,310,310
790,325,270
800,280,200
760,360,275
790,325,280
815,420,290
795,270,245
430,250,220
575,310,305
560,230,210
440,205,180
580,185,145
580,190,140
615,400,195
660,360,360
610,255,160
680,290,190
505,375,120
510,245,195
440,205,180
570,280,124
275,180,105
460,285,225
398,242,168
680,330,320
680,330,320
430,370,355
535,380,330
430,370,355
530,375,325
355,155,140
370,170,160
270,130,125
810,410,280
860,370,300
800,400,280
750,545,340
665,375,287
675,375,300
680,325,310
555,285,200
505,215,155
505,215,155
550,385,130
550,385,130
850,210,150
500,340,210
588,270,205
510,210,160
515,335,160
480,205,205
470,230,230
440,205,180
310,305,165
310,305,165
345,265,155
385,230,100
340,140,120
270,135,115
785,380,295
880,405,290
725,375,355
560,400,250
695,310,280
695,310,280
680,330,320
660,360,330
560,325,230
565,270,140
545,420,245
540,420,240
360,350,190
240,225,210
390,305,220
435,345,250
435,250,215
380,200,175
235,160,155
325,205,70
270,170,140
510,270,155
790,320,290
640,470,320
635,465,315
640,470,320
680,410,320
680,405,335
710,320,320
555,260,205
560,260,210
250,120,110
250,120,110
510,310,150
700,315,310
560,320,240
590,270,200
470,465,240
470,465,240
510,300,210
510,295,210
500,305,170
355,265,205
275,219,172
345,270,145
240,235,200
245,240,200
300,260,90
815,70,70
210,180,75
810,395,360
860,500,370
810,400,290
810,500,370
598,365,355
550,300,275
550,300,275
230,230,40
230,230,40
230,230,40
270,265,60
590,270,200
765,325,295
475,305,265
400,370,210
455,265,215
470,235,190
505,315,145
310,305,165
395,310,230
310,305,165
345,260,155
345,260,155
360,245,145
270,135,115
215,145,85
840,320,290
860,500,370
870,360,315
960,310,310
860,500,370
760,360,360
750,360,375
575,370,255
690,340,320
560,370,230
640,295,280
595,317,283
470,330,225
390,200,180
270,265,60
590,270,200
510,405,220
475,235,190
500,280,205
415,305,190
560,230,145
206,131,528
470,154,105
380,180,160
270,135,115
340,280,190
510,270,155
790,325,280
685,340,330
585,340,290
720,360,200
585,340,285
660,320,285
590,270,200
580,280,210
485,210,210
520,345,260
520,345,260
495,340,205
485,210,210
470,240,230
515,300,205
500,305,170
193,190,120
370,250,160
350,210,190
340,200,180
260,150,110
600,355,290
740,350,290
580,290,220
760,315,310
680,330,320
760,315,305
735,275,170
550,290,167
390,310,220
450,340,205
430,350,150
395,205,195
297,200,154
265,135,125
370,170,160
270,140,120
270,140,120
240,160,100
305,115,70
230,150,100
840,320,290
840,485,320
840,485,320
795,270,240
800,270,240
665,375,287
580,290,230
510,340,210
510,340,210
500,405,270
320,250,120
215,210,85
210,190,80
840,315,290
620,290,220
600,365,285
510,340,160
525,295,205
380,360,220
350,260,150
800,410,280
930,320,310
640,360,360
640,368,360
720,335,310
685,340,330
575,305,300
730,350,325
700,310,280
315,250,120
510,250,195
480,280,205
450,215,135
470,280,140
370,215,180
300,205,160
370,215,180
450,215,135
800,410,280
730,350,290
720,335,310
435,345,250
435,295,180
435,250,210
170,170,220
755,365,360
545,415,240
455,335,210
510,250,240
435,345,250
350,300,230
235,220,210
760,375,365
820,510,380
820,500,380
575,305,300
620,290,220
550,240,190
840,320,290
795,355,355
660,330,240
580,290,230
680,370,300
235,200,85
235,200,90
595,360,330
820,450,230
610,255,165
608,250,160
510,250,240
270,140,120
580,285,225
390,310,220
375,220,150
580,315,240
565,270,140
565,270,140
685,340,330
720,335,310
720,335,310
520,300,210
320,250,118
320,250,116
265,200,95
660,360,330
580,340,290
565,355,325
645,505,315
750,370,220
580,340,290
700,310,280
580,345,295
580,315,240
380,380,240
360,250,150
430,370,355
500,250,180
470,235,190
240,225,210
240,225,210
390,330,200
140,145,360
345,260,165
270,140,120
810,415,340
760,315,305
760,340,330
760,340,330
635,270,240
575,310,305
620,310,220
330,320,170
505,250,195
430,250,220
525,295,205
500,275,190
475,235,190
500,280,210
580,190,140
630,460,325
660,360,355
630,460,325
670,370,360
615,400,195
750,370,220
690,350,330
710,320,310
265,135,115
210,155,120
215,160,120
600,340,330
700,310,300
480,390,240
430,290,270
540,190,190
400,365,215
345,270,145
380,180,160
240,170,75
215,175,100
460,80,45
210,200,90
430,140,80
320,140,110
815,400,360
790,325,270
800,400,280
510,250,205
420,185,130
810,480,330
810,480,330
860,390,300
755,540,335
575,370,255
720,335,310
660,360,300
590,290,230
580,290,220
560,325,230
465,230,190
550,290,167
800,300,185
585,250,215
570,210,160
360,295,145
338,135,127
485,335,245
455,335,210
265,135,125
240,150,115
290,150,120
270,130,120
860,380,360
810,395,360
800,410,280
870,360,310
860,375,305
730,340,280
720,340,290
360,200,165
455,250,190
380,180,160
340,210,130
795,355,350
890,335,200
675,380,300
675,370,295
385,115,110
545,360,205
470,260,140
275,170,135
705,290,270
700,290,270
650,325,230
570,270,135
485,335,240
475,245,220
430,250,220
375,360,220
470,240,230
250,130,90
385,195,180
385,195,180
270,140,120
240,205,86
750,550,340
750,550,340
660,360,300
600,330,320
465,230,190
590,270,200
500,340,210
510,300,205
430,240,140
320,250,120
260,170,65
190,130,100
350,300,260
795,270,240
760,310,305
700,350,340
470,465,240
470,465,240
540,420,245
540,420,235
360,350,190
455,355,215
365,305,185
470,235,190
440,230,200
385,210,180
310,305,165
470,260,140
340,135,120
275,170,135
320,185,115
780,305,275
790,310,290
760,315,305
760,315,305
795,270,245
780,305,275
790,310,290
720,320,300
335,260,235
435,250,215
530,300,210
450,245,210
230,210,110
820,400,360
780,235,205
795,270,240
600,360,358
598,364,355
660,360,330
705,370,305
680,330,300
680,330,300
680,330,310
755,330,310
230,230,40
500,345,210
690,330,300
750,360,230
760,323,300
450,340,205
545,395,135
450,340,200
550,245,195
540,360,195
510,310,160
525,295,205
385,195,180
340,125,105
270,135,115
235,160,155
190,130,100
850,560,430
810,480,330
795,315,210
580,340,300
660,320,285
580,340,300
700,320,310
590,300,240
345,171,90
565,270,140
565,270,140
570,270,135
540,360,205
540,360,205
480,390,250
350,300,230
510,300,205
435,300,185
460,230,220
265,135,125
265,140,115
510,340,170
405,240,180
400,240,180
400,235,170
358,247,144
810,410,280
840,345,190
740,400,370
660,360,330
735,345,280
685,340,330
580,340,300
585,340,285
475,235,190
740,340,195
350,350,200
660,330,240
485,385,245
510,295,210
450,330,200
530,300,210
435,295,180
450,340,205
380,360,220
500,280,210
435,300,185
510,250,205
460,230,220
450,245,210
340,125,105
470,150,110
265,135,115
345,260,155
235,160,155
260,155,110
240,150,115
530,190,40
300,250,90
840,320,290
820,420,335
760,375,365
865,365,215
795,265,240
760,310,305
655,380,280
750,345,290
755,310,300
655,375,280
750,345,290
680,390,330
575,370,255
585,335,295
230,230,40
230,230,40
720,335,310
710,345,340
710,310,280
230,230,40
230,230,40
230,230,40
230,230,40
230,230,40
230,230,40
230,230,40
230,230,40
230,230,40
230,230,40
230,230,40
230,230,40
230,230,40
230,230,40
230,230,40
700,310,305
700,310,305
570,330,230
455,305,245
515,405,230
410,240,210
335,205,125
450,340,205
400,370,210
510,340,160
510,310,140
450,300,240
420,260,190
500,270,190
270,135,120
300,260,88
320,185,120
355,155,140
255,130,100
210,200,100
770,350,300
770,350,300
800,320,200
800,410,340
840,485,320
840,485,320
755,310,300
600,355,290
760,315,310
760,315,305
685,340,330
685,340,330
520,345,230
540,190,190
540,190,190
550,280,200
390,330,200
275,155,130
760,550,350
840,490,325
710,345,340
500,305,195
450,405,240
455,305,245
450,300,240
585,215,75
345,275,140
270,140,120
810,420,340
800,400,280
840,485,320
840,485,320
760,355,355
760,360,360
670,350,300
570,270,230
500,410,270
520,345,230
405,285,185
355,260,205
455,215,185
455,215,185
315,165,110
265,135,125
265,250,110
265,250,110
270,130,110
140,120,100
275,180,105
855,500,375
960,295,270
970,300,280
630,460,320
590,360,330
730,350,340
520,350,230
540,360,195
960,305,295
530,330,250
530,330,240
585,215,75
700,310,310
505,310,170
390,310,220
345,170,115
340,140,123
270,170,140
270,170,130
805,350,305
805,350,310
750,345,290
750,345,290
410,330,180
365,305,185
410,330,180
220,160,120
805,350,310
430,350,150
340,300,210
350,300,230
740,350,330
730,345,270
710,310,280
470,330,225
695,360,290
685,285,160
685,285,160
520,345,230
380,360,220
320,165,120
330,140,110
590,300,240
510,300,205
450,300,240
725,335,315
680,280,180
540,415,280
510,250,195
265,135,125
690,350,340
690,350,340
665,190,175
820,510,380
700,320,310
9,9,9
450,405,240
390,310,220
530,300,210
470,150,110
960,295,270
880,405,290
350,225,150
860,390,300
800,410,320
560,320,240
860,500,370
810,480,330
